id,distritos_id,entidades_id,seccion,tipossecciones_id,distritosfederales_id,municipios_id
,1,32,1820,1,3,56
,1,32,1841,1,3,56
,1,32,1845,1,3,56
,1,32,1846,1,3,56
,1,32,1847,1,3,56
,1,32,1848,1,3,56
,1,32,1849,1,3,56
,1,32,1850,1,3,56
,1,32,1851,1,3,56
,1,32,1852,1,3,56
,1,32,1853,1,3,56
,1,32,1859,1,3,56
,1,32,1860,1,3,56
,1,32,1862,1,3,56
,1,32,1863,1,3,56
,1,32,1864,1,3,56
,1,32,1865,1,3,56
,1,32,1866,1,3,56
,1,32,1867,1,3,56
,1,32,1868,1,3,56
,1,32,1871,2,3,56
,1,32,1872,2,3,56
,1,32,1873,2,3,56
,1,32,1874,3,3,56
,1,32,1875,2,3,56
,1,32,1876,2,3,56
,1,32,1877,2,3,56
,1,32,1878,2,3,56
,1,32,1879,2,3,56
,1,32,1880,2,3,56
,1,32,1881,2,3,56
,1,32,1882,2,3,56
,1,32,1914,3,3,56
,1,32,1915,3,3,56
,1,32,1916,1,3,56
,1,32,1917,1,3,56
,1,32,1918,1,3,56
,1,32,1919,3,3,56
,1,32,1920,1,3,56
,1,32,1921,1,3,56
,1,32,1922,1,3,56
,1,32,1923,1,3,56
,1,32,1924,1,3,56
,1,32,1925,3,3,56
,1,32,1926,1,3,56
,2,32,1601,3,3,50
,2,32,1602,3,3,50
,2,32,1603,2,3,50
,2,32,1604,2,3,50
,2,32,1605,2,3,50
,2,32,1606,2,3,50
,2,32,1607,3,3,50
,2,32,1608,1,3,50
,2,32,1772,3,3,56
,2,32,1773,1,3,56
,2,32,1774,3,3,56
,2,32,1775,1,3,56
,2,32,1776,1,3,56
,2,32,1777,1,3,56
,2,32,1778,1,3,56
,2,32,1779,1,3,56
,2,32,1780,1,3,56
,2,32,1781,1,3,56
,2,32,1782,1,3,56
,2,32,1783,1,3,56
,2,32,1784,1,3,56
,2,32,1785,1,3,56
,2,32,1786,1,3,56
,2,32,1787,1,3,56
,2,32,1788,1,3,56
,2,32,1789,1,3,56
,2,32,1790,1,3,56
,2,32,1791,1,3,56
,2,32,1792,1,3,56
,2,32,1793,1,3,56
,2,32,1794,1,3,56
,2,32,1795,1,3,56
,2,32,1796,1,3,56
,2,32,1797,1,3,56
,2,32,1798,1,3,56
,2,32,1799,1,3,56
,2,32,1800,1,3,56
,2,32,1801,1,3,56
,2,32,1802,1,3,56
,2,32,1803,1,3,56
,2,32,1804,1,3,56
,2,32,1805,1,3,56
,2,32,1806,1,3,56
,2,32,1807,1,3,56
,2,32,1808,1,3,56
,2,32,1809,1,3,56
,2,32,1810,1,3,56
,2,32,1811,1,3,56
,2,32,1812,1,3,56
,2,32,1813,1,3,56
,2,32,1814,1,3,56
,2,32,1815,1,3,56
,2,32,1816,1,3,56
,2,32,1817,1,3,56
,2,32,1818,1,3,56
,2,32,1819,1,3,56
,2,32,1821,1,3,56
,2,32,1822,1,3,56
,2,32,1823,1,3,56
,2,32,1824,1,3,56
,2,32,1825,1,3,56
,2,32,1826,1,3,56
,2,32,1827,1,3,56
,2,32,1828,1,3,56
,2,32,1829,1,3,56
,2,32,1830,1,3,56
,2,32,1831,1,3,56
,2,32,1832,1,3,56
,2,32,1833,1,3,56
,2,32,1834,1,3,56
,2,32,1835,1,3,56
,2,32,1836,1,3,56
,2,32,1837,1,3,56
,2,32,1838,1,3,56
,2,32,1839,1,3,56
,2,32,1840,1,3,56
,2,32,1842,1,3,56
,2,32,1843,1,3,56
,2,32,1844,1,3,56
,2,32,1854,1,3,56
,2,32,1855,1,3,56
,2,32,1856,1,3,56
,2,32,1857,1,3,56
,2,32,1858,1,3,56
,2,32,1861,1,3,56
,3,32,460,1,4,17
,3,32,461,1,4,17
,3,32,462,1,4,17
,3,32,463,1,4,17
,3,32,464,1,4,17
,3,32,465,1,4,17
,3,32,466,1,4,17
,3,32,467,1,4,17
,3,32,468,1,4,17
,3,32,469,1,4,17
,3,32,471,1,4,17
,3,32,472,1,4,17
,3,32,473,1,4,17
,3,32,474,1,4,17
,3,32,475,1,4,17
,3,32,476,1,4,17
,3,32,477,1,4,17
,3,32,478,1,4,17
,3,32,479,1,4,17
,3,32,480,1,4,17
,3,32,481,1,4,17
,3,32,482,1,4,17
,3,32,483,1,4,17
,3,32,484,1,4,17
,3,32,485,1,4,17
,3,32,486,1,4,17
,3,32,487,1,4,17
,3,32,488,1,4,17
,3,32,489,1,4,17
,3,32,490,1,4,17
,3,32,492,1,4,17
,3,32,493,1,4,17
,3,32,494,1,4,17
,3,32,495,1,4,17
,3,32,496,1,4,17
,3,32,497,1,4,17
,3,32,498,1,4,17
,3,32,499,1,4,17
,3,32,500,1,4,17
,3,32,501,1,4,17
,3,32,502,1,4,17
,3,32,503,1,4,17
,3,32,504,1,4,17
,3,32,505,1,4,17
,3,32,508,1,4,17
,3,32,509,1,4,17
,3,32,510,1,4,17
,3,32,1927,3,4,17
,3,32,1928,1,4,17
,3,32,1929,1,4,17
,3,32,1930,1,4,17
,3,32,1931,1,4,17
,3,32,1932,1,4,17
,3,32,1933,1,4,17
,3,32,1934,1,4,17
,3,32,1935,1,4,17
,3,32,1936,1,4,17
,4,32,511,2,4,17
,4,32,512,2,4,17
,4,32,513,1,4,17
,4,32,514,3,4,17
,4,32,515,2,4,17
,4,32,517,2,4,17
,4,32,518,3,4,17
,4,32,519,1,4,17
,4,32,520,3,4,17
,4,32,521,1,4,17
,4,32,522,1,4,17
,4,32,523,1,4,17
,4,32,524,3,4,17
,4,32,534,2,4,17
,4,32,535,2,4,17
,4,32,546,2,4,17
,4,32,547,2,4,17
,4,32,1883,1,4,17
,4,32,1884,1,4,17
,4,32,1885,1,4,17
,4,32,1886,1,4,17
,4,32,1887,1,4,17
,4,32,1888,1,4,17
,4,32,1889,1,4,17
,4,32,1890,1,4,17
,4,32,1891,1,4,17
,4,32,1892,1,4,17
,4,32,1893,1,4,17
,4,32,1894,1,4,17
,4,32,1895,1,4,17
,4,32,1896,1,4,17
,4,32,1897,1,4,17
,4,32,1898,1,4,17
,4,32,1899,1,4,17
,4,32,1900,1,4,17
,4,32,1901,1,4,17
,4,32,1902,1,4,17
,4,32,1903,1,4,17
,4,32,1904,1,4,17
,4,32,1905,1,4,17
,4,32,1906,1,4,17
,4,32,1907,1,4,17
,4,32,1908,1,4,17
,4,32,1942,2,4,17
,4,32,1943,1,4,17
,4,32,1944,1,4,17
,4,32,1945,1,4,17
,4,32,1946,1,4,17
,4,32,1947,1,4,17
,4,32,1948,1,4,17
,4,32,516,2,4,57
,4,32,525,2,4,57
,4,32,526,2,4,57
,4,32,527,3,4,57
,4,32,528,3,4,57
,4,32,529,1,4,57
,4,32,530,3,4,57
,4,32,531,1,4,57
,4,32,532,1,4,57
,4,32,533,1,4,57
,4,32,548,2,4,57
,5,32,103,1,2,8
,5,32,104,3,2,8
,5,32,105,1,2,8
,5,32,106,1,2,8
,5,32,107,3,2,8
,5,32,108,3,2,8
,5,32,109,2,2,8
,5,32,110,3,2,8
,5,32,111,3,2,8
,5,32,112,2,2,8
,5,32,113,2,2,8
,5,32,359,1,2,12
,5,32,360,1,2,12
,5,32,361,1,2,12
,5,32,362,2,2,12
,5,32,363,2,2,12
,5,32,364,2,2,12
,5,32,365,2,2,12
,5,32,366,2,2,12
,5,32,369,2,2,12
,5,32,370,2,2,12
,5,32,371,2,2,12
,5,32,372,2,2,12
,5,32,373,2,2,12
,5,32,374,2,2,12
,5,32,375,2,2,12
,5,32,377,2,2,12
,5,32,491,3,4,17
,5,32,506,1,4,17
,5,32,507,1,4,17
,5,32,536,1,4,17
,5,32,537,1,4,17
,5,32,538,2,4,17
,5,32,539,3,4,17
,5,32,540,2,4,17
,5,32,541,2,4,17
,5,32,542,3,4,17
,5,32,543,3,4,17
,5,32,545,2,4,17
,5,32,551,1,4,17
,5,32,1909,1,4,17
,5,32,1711,1,2,55
,5,32,1712,1,2,55
,5,32,1713,1,2,55
,5,32,1714,1,2,55
,5,32,1715,1,2,55
,5,32,1716,1,2,55
,5,32,1717,1,2,55
,5,32,1718,1,2,55
,5,32,1719,1,2,55
,5,32,1720,1,2,55
,5,32,1721,3,2,55
,5,32,1722,3,2,55
,5,32,1727,3,2,55
,5,32,1728,3,2,55
,5,32,1730,3,2,55
,5,32,1739,2,2,55
,5,32,1740,2,2,55
,5,32,1742,2,2,55
,5,32,1743,2,2,55
,5,32,1744,2,2,55
,5,32,1745,2,2,55
,5,32,1746,3,2,55
,5,32,1748,2,2,55
,5,32,1749,2,2,55
,5,32,1750,2,2,55
,5,32,1751,2,2,55
,5,32,1752,2,2,55
,5,32,1753,2,2,55
,5,32,1755,2,2,55
,5,32,1757,2,2,55
,5,32,1758,2,2,55
,5,32,1760,2,2,55
,5,32,1761,2,2,55
,5,32,1763,2,2,55
,5,32,1764,2,2,55
,5,32,1769,2,2,55
,5,32,1770,2,2,55
,6,32,140,3,1,10
,6,32,141,1,1,10
,6,32,142,1,1,10
,6,32,152,1,1,10
,6,32,153,1,1,10
,6,32,154,1,1,10
,6,32,155,1,1,10
,6,32,156,1,1,10
,6,32,157,1,1,10
,6,32,158,1,1,10
,6,32,165,1,1,10
,6,32,166,1,1,10
,6,32,167,1,1,10
,6,32,168,1,1,10
,6,32,169,1,1,10
,6,32,170,1,1,10
,6,32,171,1,1,10
,6,32,172,1,1,10
,6,32,173,1,1,10
,6,32,174,1,1,10
,6,32,175,1,1,10
,6,32,176,1,1,10
,6,32,177,1,1,10
,6,32,178,1,1,10
,6,32,179,1,1,10
,6,32,182,1,1,10
,6,32,183,1,1,10
,6,32,184,1,1,10
,6,32,185,1,1,10
,6,32,186,1,1,10
,6,32,187,1,1,10
,6,32,188,1,1,10
,6,32,189,1,1,10
,6,32,190,1,1,10
,6,32,191,1,1,10
,6,32,192,1,1,10
,6,32,193,1,1,10
,6,32,195,1,1,10
,6,32,196,1,1,10
,6,32,197,1,1,10
,6,32,198,1,1,10
,6,32,199,1,1,10
,6,32,200,1,1,10
,6,32,201,1,1,10
,6,32,202,1,1,10
,6,32,203,1,1,10
,6,32,204,1,1,10
,6,32,205,1,1,10
,6,32,206,1,1,10
,6,32,207,1,1,10
,6,32,216,1,1,10
,6,32,217,1,1,10
,6,32,273,2,1,10
,6,32,274,2,1,10
,6,32,275,2,1,10
,6,32,276,3,1,10
,6,32,277,3,1,10
,6,32,278,1,1,10
,6,32,298,2,1,10
,6,32,299,2,1,10
,6,32,300,1,1,10
,6,32,302,2,1,10
,6,32,303,2,1,10
,6,32,304,2,1,10
,6,32,305,2,1,10
,6,32,306,2,1,10
,6,32,307,2,1,10
,6,32,317,2,1,10
,6,32,318,3,1,10
,6,32,338,2,1,10
,6,32,340,2,1,10
,6,32,344,2,1,10
,6,32,1937,1,1,10
,6,32,1938,1,1,10
,6,32,1939,1,1,10
,6,32,1940,3,1,10
,6,32,1941,3,1,10
,7,32,135,1,1,10
,7,32,136,1,1,10
,7,32,137,3,1,10
,7,32,138,1,1,10
,7,32,139,1,1,10
,7,32,143,1,1,10
,7,32,144,1,1,10
,7,32,145,1,1,10
,7,32,146,1,1,10
,7,32,147,1,1,10
,7,32,218,2,1,10
,7,32,219,2,1,10
,7,32,220,2,1,10
,7,32,221,2,1,10
,7,32,222,2,1,10
,7,32,223,2,1,10
,7,32,224,2,1,10
,7,32,225,2,1,10
,7,32,226,2,1,10
,7,32,227,2,1,10
,7,32,228,3,1,10
,7,32,229,1,1,10
,7,32,230,2,1,10
,7,32,231,1,1,10
,7,32,232,3,1,10
,7,32,233,2,1,10
,7,32,234,2,1,10
,7,32,235,2,1,10
,7,32,236,2,1,10
,7,32,237,2,1,10
,7,32,238,2,1,10
,7,32,239,1,1,10
,7,32,240,1,1,10
,7,32,241,2,1,10
,7,32,242,2,1,10
,7,32,243,1,1,10
,7,32,244,3,1,10
,7,32,245,1,1,10
,7,32,246,3,1,10
,7,32,247,2,1,10
,7,32,248,2,1,10
,7,32,249,3,1,10
,7,32,250,3,1,10
,7,32,251,2,1,10
,7,32,252,2,1,10
,7,32,253,2,1,10
,7,32,261,2,1,10
,7,32,262,2,1,10
,7,32,265,3,1,10
,7,32,266,1,1,10
,7,32,267,3,1,10
,7,32,268,2,1,10
,7,32,269,2,1,10
,7,32,270,3,1,10
,7,32,271,1,1,10
,7,32,272,1,1,10
,7,32,330,2,1,10
,7,32,332,2,1,10
,7,32,333,2,1,10
,7,32,334,2,1,10
,7,32,335,2,1,10
,7,32,336,2,1,10
,7,32,339,2,1,10
,7,32,341,2,1,10
,7,32,1256,3,1,40
,7,32,1257,1,1,40
,7,32,1258,3,1,40
,7,32,1259,1,1,40
,7,32,1260,3,1,40
,7,32,1261,3,1,40
,7,32,1262,3,1,40
,7,32,1263,3,1,40
,7,32,1264,3,1,40
,7,32,1265,2,1,40
,7,32,1266,2,1,40
,7,32,1267,2,1,40
,7,32,1268,2,1,40
,7,32,1269,2,1,40
,7,32,1270,2,1,40
,7,32,1271,2,1,40
,7,32,1272,2,1,40
,7,32,1273,1,1,40
,7,32,1274,3,1,40
,7,32,1275,2,1,40
,7,32,1276,2,1,40
,7,32,1277,3,1,40
,7,32,1278,1,1,40
,7,32,1279,2,1,40
,7,32,1280,2,1,40
,7,32,1281,2,1,40
,7,32,1282,2,1,40
,8,32,148,3,1,10
,8,32,149,1,1,10
,8,32,150,1,1,10
,8,32,151,1,1,10
,8,32,159,1,1,10
,8,32,160,1,1,10
,8,32,161,1,1,10
,8,32,162,1,1,10
,8,32,163,1,1,10
,8,32,164,1,1,10
,8,32,180,1,1,10
,8,32,181,1,1,10
,8,32,208,1,1,10
,8,32,209,1,1,10
,8,32,211,1,1,10
,8,32,212,3,1,10
,8,32,213,1,1,10
,8,32,214,1,1,10
,8,32,215,1,1,10
,8,32,254,2,1,10
,8,32,255,2,1,10
,8,32,256,2,1,10
,8,32,257,2,1,10
,8,32,258,2,1,10
,8,32,259,2,1,10
,8,32,260,2,1,10
,8,32,263,3,1,10
,8,32,264,3,1,10
,8,32,279,2,1,10
,8,32,280,2,1,10
,8,32,281,2,1,10
,8,32,282,2,1,10
,8,32,283,2,1,10
,8,32,284,2,1,10
,8,32,285,2,1,10
,8,32,286,2,1,10
,8,32,288,2,1,10
,8,32,289,2,1,10
,8,32,290,2,1,10
,8,32,291,2,1,10
,8,32,292,3,1,10
,8,32,293,2,1,10
,8,32,294,2,1,10
,8,32,295,2,1,10
,8,32,296,2,1,10
,8,32,297,2,1,10
,8,32,308,2,1,10
,8,32,309,2,1,10
,8,32,310,2,1,10
,8,32,311,2,1,10
,8,32,312,2,1,10
,8,32,313,2,1,10
,8,32,314,2,1,10
,8,32,315,2,1,10
,8,32,316,2,1,10
,8,32,320,2,1,10
,8,32,321,2,1,10
,8,32,322,2,1,10
,8,32,324,2,1,10
,8,32,325,2,1,10
,8,32,326,2,1,10
,8,32,327,2,1,10
,8,32,343,2,1,10
,8,32,345,2,1,10
,8,32,346,2,1,10
,8,32,347,2,1,10
,8,32,1912,1,1,10
,8,32,1913,1,1,10
,8,32,1525,1,1,49
,8,32,1526,1,1,49
,8,32,1527,1,1,49
,8,32,1528,3,1,49
,8,32,1529,1,1,49
,8,32,1530,1,1,49
,8,32,1531,3,1,49
,8,32,1532,1,1,49
,8,32,1533,1,1,49
,8,32,1534,1,1,49
,8,32,1535,1,1,49
,8,32,1536,1,1,49
,8,32,1537,1,1,49
,8,32,1538,3,1,49
,8,32,1539,3,1,49
,8,32,1540,1,1,49
,8,32,1541,3,1,49
,8,32,1542,3,1,49
,8,32,1543,1,1,49
,8,32,1544,2,1,49
,8,32,1545,2,1,49
,8,32,1546,2,1,49
,8,32,1547,2,1,49
,8,32,1549,2,1,49
,8,32,1550,2,1,49
,8,32,1551,2,1,49
,8,32,1552,2,1,49
,8,32,1553,2,1,49
,8,32,1554,2,1,49
,8,32,1555,2,1,49
,8,32,1557,2,1,49
,8,32,1558,2,1,49
,8,32,1559,1,1,49
,8,32,1560,3,1,49
,8,32,1561,2,1,49
,8,32,1562,2,1,49
,8,32,1563,3,1,49
,8,32,1564,2,1,49
,8,32,1566,2,1,49
,8,32,1567,2,1,49
,8,32,1568,2,1,49
,8,32,1569,2,1,49
,8,32,1570,2,1,49
,8,32,1571,2,1,49
,8,32,1573,2,1,49
,8,32,1575,2,1,49
,8,32,1576,2,1,49
,8,32,1577,2,1,49
,8,32,1578,2,1,49
,8,32,1579,2,1,49
,8,32,1580,2,1,49
,8,32,1582,2,1,49
,8,32,1584,3,1,49
,8,32,1585,1,1,49
,8,32,1586,2,1,49
,8,32,1587,2,1,49
,8,32,1588,2,1,49
,8,32,1589,2,1,49
,8,32,1590,2,1,49
,8,32,1591,2,1,49
,8,32,1593,2,1,49
,8,32,1594,2,1,49
,8,32,1596,2,1,49
,8,32,1597,2,1,49
,8,32,1598,2,1,49
,8,32,1599,2,1,49
,8,32,1600,2,1,49
,9,32,40,3,3,5
,9,32,41,1,3,5
,9,32,42,1,3,5
,9,32,43,1,3,5
,9,32,44,3,3,5
,9,32,45,1,3,5
,9,32,46,1,3,5
,9,32,47,1,3,5
,9,32,49,1,3,5
,9,32,50,3,3,5
,9,32,51,1,3,5
,9,32,52,1,3,5
,9,32,53,3,3,5
,9,32,54,3,3,5
,9,32,55,3,3,5
,9,32,56,1,3,5
,9,32,57,3,3,5
,9,32,58,3,3,5
,9,32,59,2,3,5
,9,32,60,2,3,5
,9,32,1949,1,3,5
,9,32,1950,1,3,5
,9,32,1951,1,3,5
,9,32,378,3,3,13
,9,32,379,3,3,13
,9,32,380,3,3,13
,9,32,381,2,3,13
,9,32,382,2,3,13
,9,32,383,2,3,13
,9,32,384,2,3,13
,9,32,945,1,3,32
,9,32,946,3,3,32
,9,32,947,1,3,32
,9,32,948,1,3,32
,9,32,949,3,3,32
,9,32,950,2,3,32
,9,32,951,2,3,32
,9,32,952,3,3,32
,9,32,953,1,3,32
,9,32,1080,3,3,37
,9,32,1081,2,3,37
,9,32,1082,2,3,37
,9,32,1083,2,3,37
,9,32,1084,2,3,37
,9,32,1085,2,3,37
,9,32,1086,1,3,37
,9,32,1087,3,3,37
,9,32,1088,3,3,37
,9,32,1089,1,3,37
,9,32,1090,1,3,37
,9,32,1091,2,3,37
,9,32,1092,2,3,37
,9,32,1093,2,3,37
,10,32,606,3,2,20
,10,32,607,1,2,20
,10,32,608,1,2,20
,10,32,609,3,2,20
,10,32,610,1,2,20
,10,32,611,1,2,20
,10,32,612,1,2,20
,10,32,613,1,2,20
,10,32,614,1,2,20
,10,32,615,1,2,20
,10,32,616,1,2,20
,10,32,617,1,2,20
,10,32,618,1,2,20
,10,32,619,1,2,20
,10,32,620,1,2,20
,10,32,621,1,2,20
,10,32,622,1,2,20
,10,32,623,1,2,20
,10,32,624,1,2,20
,10,32,625,1,2,20
,10,32,626,1,2,20
,10,32,627,1,2,20
,10,32,628,3,2,20
,10,32,629,1,2,20
,10,32,630,1,2,20
,10,32,631,1,2,20
,10,32,632,1,2,20
,10,32,633,1,2,20
,10,32,634,1,2,20
,10,32,635,1,2,20
,10,32,636,1,2,20
,10,32,637,1,2,20
,10,32,638,1,2,20
,10,32,639,1,2,20
,10,32,640,1,2,20
,10,32,641,1,2,20
,10,32,642,1,2,20
,10,32,643,3,2,20
,10,32,644,1,2,20
,10,32,645,1,2,20
,10,32,646,1,2,20
,10,32,647,3,2,20
,10,32,648,3,2,20
,10,32,649,3,2,20
,10,32,650,1,2,20
,10,32,651,1,2,20
,10,32,652,3,2,20
,10,32,653,3,2,20
,10,32,654,1,2,20
,10,32,655,3,2,20
,10,32,656,1,2,20
,10,32,657,1,2,20
,10,32,658,2,2,20
,10,32,659,2,2,20
,10,32,660,2,2,20
,10,32,662,2,2,20
,10,32,663,2,2,20
,10,32,664,2,2,20
,10,32,665,2,2,20
,10,32,666,2,2,20
,10,32,667,2,2,20
,10,32,669,2,2,20
,10,32,670,2,2,20
,10,32,671,3,2,20
,10,32,672,1,2,20
,10,32,673,2,2,20
,10,32,674,1,2,20
,10,32,675,3,2,20
,10,32,676,2,2,20
,10,32,677,2,2,20
,10,32,678,2,2,20
,10,32,679,1,2,20
,10,32,680,1,2,20
,10,32,681,2,2,20
,10,32,682,2,2,20
,10,32,683,2,2,20
,10,32,684,3,2,20
,10,32,685,1,2,20
,10,32,686,2,2,20
,10,32,687,2,2,20
,10,32,688,2,2,20
,10,32,689,2,2,20
,10,32,690,2,2,20
,10,32,691,2,2,20
,10,32,692,2,2,20
,10,32,694,2,2,20
,10,32,695,2,2,20
,10,32,696,2,2,20
,10,32,697,2,2,20
,10,32,698,2,2,20
,10,32,699,2,2,20
,10,32,701,2,2,20
,10,32,704,2,2,20
,10,32,914,3,2,31
,10,32,915,1,2,31
,10,32,916,3,2,31
,10,32,917,1,2,31
,10,32,918,3,2,31
,10,32,919,2,2,31
,10,32,921,2,2,31
,10,32,923,2,2,31
,10,32,924,2,2,31
,10,32,925,2,2,31
,10,32,926,2,2,31
,10,32,927,3,2,31
,10,32,928,3,2,31
,10,32,929,2,2,31
,10,32,931,2,2,31
,10,32,933,2,2,31
,10,32,934,2,2,31
,10,32,936,2,2,31
,10,32,938,2,2,31
,10,32,940,2,2,31
,10,32,941,2,2,31
,10,32,1384,3,2,43
,10,32,1385,3,2,43
,10,32,1386,2,2,43
,10,32,1387,2,2,43
,10,32,1433,3,2,46
,10,32,1434,1,2,46
,10,32,1435,3,2,46
,10,32,1436,2,2,46
,10,32,1437,2,2,46
,10,32,1438,2,2,46
,10,32,1439,2,2,46
,10,32,1440,2,2,46
,10,32,1442,3,2,46
,10,32,1443,3,2,46
,10,32,1444,2,2,46
,10,32,1447,2,2,46
,10,32,1448,2,2,46
,10,32,1450,2,2,46
,10,32,1452,1,2,46
,10,32,1453,3,2,46
,10,32,1454,2,2,46
,10,32,1455,2,2,46
,10,32,1456,2,2,46
,10,32,1457,2,2,46
,10,32,1460,2,2,46
,10,32,1462,2,2,46
,10,32,1463,2,2,46
,10,32,1723,1,2,55
,10,32,1724,3,2,55
,10,32,1725,3,2,55
,10,32,1726,3,2,55
,10,32,1731,2,2,55
,10,32,1732,2,2,55
,10,32,1733,3,2,55
,10,32,1734,3,2,55
,10,32,1735,2,2,55
,10,32,1736,2,2,55
,10,32,1737,2,2,55
,10,32,1738,2,2,55
,10,32,1759,2,2,55
,11,32,436,1,4,16
,11,32,437,3,4,16
,11,32,438,1,4,16
,11,32,439,1,4,16
,11,32,440,2,4,16
,11,32,441,1,4,16
,11,32,442,3,4,16
,11,32,443,1,4,16
,11,32,444,1,4,16
,11,32,445,2,4,16
,11,32,446,3,4,16
,11,32,447,3,4,16
,11,32,448,3,4,16
,11,32,449,2,4,16
,11,32,450,1,4,16
,11,32,451,3,4,16
,11,32,452,3,4,16
,11,32,453,1,4,16
,11,32,454,2,4,16
,11,32,455,1,4,16
,11,32,456,1,4,16
,11,32,457,2,4,16
,11,32,458,2,4,16
,11,32,459,2,4,16
,11,32,794,3,2,25
,11,32,795,1,2,25
,11,32,796,3,2,25
,11,32,797,1,2,25
,11,32,798,3,2,25
,11,32,799,2,2,25
,11,32,800,2,2,25
,11,32,802,2,2,25
,11,32,803,2,2,25
,11,32,804,2,2,25
,11,32,805,2,2,25
,11,32,806,2,2,25
,11,32,1036,1,2,36
,11,32,1037,3,2,36
,11,32,1038,3,2,36
,11,32,1039,1,2,36
,11,32,1040,1,2,36
,11,32,1041,1,2,36
,11,32,1042,3,2,36
,11,32,1043,1,2,36
,11,32,1044,1,2,36
,11,32,1045,1,2,36
,11,32,1046,3,2,36
,11,32,1047,3,2,36
,11,32,1048,3,2,36
,11,32,1049,3,2,36
,11,32,1050,2,2,36
,11,32,1051,2,2,36
,11,32,1052,3,2,36
,11,32,1053,1,2,36
,11,32,1054,2,2,36
,11,32,1055,2,2,36
,11,32,1056,2,2,36
,11,32,1057,2,2,36
,11,32,1058,2,2,36
,11,32,1059,2,2,36
,11,32,1060,2,2,36
,11,32,1061,2,2,36
,11,32,1062,2,2,36
,11,32,1063,2,2,36
,11,32,1064,2,2,36
,11,32,1065,2,2,36
,11,32,1066,2,2,36
,11,32,1067,2,2,36
,11,32,1068,1,2,36
,11,32,1069,1,2,36
,11,32,1070,2,2,36
,11,32,1071,2,2,36
,11,32,1072,2,2,36
,11,32,1073,2,2,36
,11,32,1075,2,2,36
,11,32,1076,2,2,36
,11,32,1078,2,2,36
,11,32,1079,2,2,36
,11,32,1675,1,4,53
,11,32,1676,3,4,53
,11,32,1677,3,4,53
,11,32,1678,3,4,53
,11,32,1679,3,4,53
,11,32,1680,2,4,53
,11,32,1681,2,4,53
,11,32,1682,2,4,53
,11,32,1683,3,4,53
,11,32,1684,1,4,53
,11,32,1685,1,4,53
,11,32,1686,3,4,53
,12,32,73,1,3,7
,12,32,74,3,3,7
,12,32,75,1,3,7
,12,32,76,1,3,7
,12,32,77,1,3,7
,12,32,78,1,3,7
,12,32,79,1,3,7
,12,32,80,1,3,7
,12,32,82,2,3,7
,12,32,83,2,3,7
,12,32,84,2,3,7
,12,32,85,2,3,7
,12,32,86,2,3,7
,12,32,87,2,3,7
,12,32,91,2,3,7
,12,32,92,2,3,7
,12,32,93,2,3,7
,12,32,94,2,3,7
,12,32,95,2,3,7
,12,32,96,2,3,7
,12,32,98,2,3,7
,12,32,99,2,3,7
,12,32,386,1,3,14
,12,32,387,3,3,14
,12,32,388,1,3,14
,12,32,389,3,3,14
,12,32,390,3,3,14
,12,32,391,1,3,14
,12,32,392,2,3,14
,12,32,393,2,3,14
,12,32,394,2,3,14
,12,32,395,2,3,14
,12,32,396,2,3,14
,12,32,397,1,3,14
,12,32,398,3,3,14
,12,32,399,2,3,14
,12,32,400,2,3,14
,12,32,401,2,3,14
,12,32,402,2,3,14
,12,32,403,2,3,14
,12,32,404,2,3,14
,12,32,405,2,3,14
,12,32,406,3,3,14
,12,32,407,1,3,14
,12,32,408,2,3,14
,12,32,409,2,3,14
,12,32,410,2,3,14
,12,32,411,2,3,14
,12,32,412,2,3,14
,12,32,413,2,3,14
,12,32,414,2,3,14
,12,32,415,2,3,14
,12,32,416,2,3,14
,12,32,417,2,3,14
,12,32,418,2,3,14
,12,32,419,2,3,14
,12,32,420,2,3,14
,12,32,421,2,3,14
,12,32,422,2,3,14
,12,32,423,2,3,14
,12,32,424,2,3,14
,12,32,425,2,3,14
,12,32,426,2,3,14
,12,32,427,2,3,14
,12,32,808,3,3,26
,12,32,809,3,3,26
,12,32,810,3,3,26
,12,32,811,3,3,26
,12,32,812,2,3,26
,12,32,813,2,3,26
,12,32,814,2,3,26
,12,32,815,2,3,26
,12,32,816,2,3,26
,12,32,817,2,3,26
,12,32,819,2,3,26
,12,32,820,2,3,26
,12,32,821,2,3,26
,12,32,822,1,3,26
,12,32,823,1,3,26
,12,32,824,2,3,26
,12,32,826,2,3,26
,12,32,827,2,3,26
,12,32,828,2,3,26
,12,32,829,2,3,26
,12,32,831,2,3,26
,12,32,832,2,3,26
,12,32,834,2,3,26
,12,32,835,2,3,26
,12,32,836,2,3,26
,12,32,837,2,3,26
,12,32,838,2,3,26
,12,32,839,2,3,26
,12,32,841,2,3,26
,12,32,842,2,3,26
,12,32,843,2,3,26
,12,32,844,2,3,26
,12,32,845,2,3,26
,12,32,846,2,3,26
,12,32,847,2,3,26
,12,32,849,2,3,26
,12,32,850,2,3,26
,12,32,851,2,3,26
,12,32,853,2,3,26
,12,32,854,2,3,26
,12,32,856,2,3,26
,12,32,859,2,3,26
,12,32,860,2,3,26
,12,32,861,2,3,26
,12,32,862,2,3,26
,12,32,863,2,3,26
,12,32,866,2,3,26
,12,32,867,2,3,26
,12,32,868,3,3,27
,12,32,869,2,3,27
,12,32,870,2,3,27
,12,32,871,2,3,27
,12,32,873,2,3,27
,12,32,874,2,3,27
,12,32,875,2,3,27
,12,32,1283,3,3,41
,12,32,1284,3,3,41
,12,32,1285,2,3,41
,12,32,1286,2,3,41
,12,32,1287,2,3,41
,12,32,1609,3,3,51
,12,32,1610,1,3,51
,12,32,1611,3,3,51
,12,32,1612,3,3,51
,12,32,1613,3,3,51
,12,32,1614,3,3,51
,12,32,1615,3,3,51
,12,32,1616,2,3,51
,12,32,1617,2,3,51
,12,32,1618,2,3,51
,12,32,1619,2,3,51
,12,32,1620,2,3,51
,12,32,1621,2,3,51
,12,32,1622,2,3,51
,12,32,1623,2,3,51
,12,32,1624,2,3,51
,12,32,1625,2,3,51
,12,32,1626,2,3,51
,12,32,1627,2,3,51
,12,32,1628,2,3,51
,12,32,1629,2,3,51
,12,32,1630,2,3,51
,12,32,1631,2,3,51
,12,32,1632,2,3,51
,12,32,1633,1,3,51
,12,32,1634,1,3,51
,12,32,1635,2,3,51
,12,32,1636,3,3,51
,12,32,1637,3,3,51
,12,32,1638,1,3,51
,12,32,1639,3,3,51
,12,32,1640,3,3,51
,12,32,1641,3,3,51
,12,32,1642,2,3,51
,12,32,1643,2,3,51
,12,32,1644,2,3,51
,12,32,1645,2,3,51
,12,32,1646,2,3,51
,12,32,1647,2,3,51
,12,32,1648,2,3,51
,12,32,1650,2,3,51
,12,32,1652,2,3,51
,12,32,1653,2,3,51
,12,32,1654,2,3,51
,12,32,1655,2,3,51
,12,32,1656,2,3,51
,13,32,763,1,2,24
,13,32,764,1,2,24
,13,32,765,3,2,24
,13,32,766,3,2,24
,13,32,767,1,2,24
,13,32,768,1,2,24
,13,32,769,3,2,24
,13,32,770,1,2,24
,13,32,771,2,2,24
,13,32,772,1,2,24
,13,32,773,1,2,24
,13,32,774,1,2,24
,13,32,775,1,2,24
,13,32,776,3,2,24
,13,32,777,1,2,24
,13,32,778,1,2,24
,13,32,779,2,2,24
,13,32,780,2,2,24
,13,32,781,2,2,24
,13,32,782,2,2,24
,13,32,783,2,2,24
,13,32,784,2,2,24
,13,32,785,3,2,24
,13,32,786,3,2,24
,13,32,787,2,2,24
,13,32,788,2,2,24
,13,32,789,2,2,24
,13,32,790,2,2,24
,13,32,791,2,2,24
,13,32,792,2,2,24
,13,32,793,2,2,24
,13,32,1020,3,4,35
,13,32,1021,3,4,35
,13,32,1022,2,4,35
,13,32,1023,2,4,35
,13,32,1024,2,4,35
,13,32,1025,1,4,35
,13,32,1026,1,4,35
,13,32,1027,2,4,35
,13,32,1028,2,4,35
,13,32,1029,2,4,35
,13,32,1030,2,4,35
,13,32,1031,2,4,35
,13,32,1032,2,4,35
,13,32,1033,2,4,35
,13,32,1034,2,4,35
,13,32,1035,2,4,35
,13,32,1659,3,4,52
,13,32,1660,1,4,52
,13,32,1661,1,4,52
,13,32,1662,3,4,52
,13,32,1663,2,4,52
,13,32,1664,2,4,52
,13,32,1665,2,4,52
,13,32,1666,2,4,52
,13,32,1667,2,4,52
,13,32,1668,2,4,52
,13,32,1669,2,4,52
,13,32,1670,2,4,52
,13,32,1671,2,4,52
,13,32,1672,2,4,52
,13,32,1673,2,4,52
,14,32,1094,3,4,38
,14,32,1095,3,4,38
,14,32,1096,1,4,38
,14,32,1097,3,4,38
,14,32,1098,2,4,38
,14,32,1099,2,4,38
,14,32,1100,2,4,38
,14,32,1101,2,4,38
,14,32,1102,2,4,38
,14,32,1103,2,4,38
,14,32,1104,2,4,38
,14,32,1105,2,4,38
,14,32,1106,2,4,38
,14,32,1107,2,4,38
,14,32,1108,2,4,38
,14,32,1109,2,4,38
,14,32,1110,2,4,38
,14,32,1111,2,4,38
,14,32,1112,2,4,38
,14,32,1113,2,4,38
,14,32,1114,2,4,38
,14,32,1115,2,4,38
,14,32,1116,2,4,38
,14,32,1117,2,4,38
,14,32,1118,1,4,38
,14,32,1119,3,4,38
,14,32,1120,3,4,38
,14,32,1121,1,4,38
,14,32,1122,2,4,38
,14,32,1123,2,4,38
,14,32,1124,2,4,38
,14,32,1125,2,4,38
,14,32,1126,2,4,38
,14,32,1127,2,4,38
,14,32,1128,2,4,38
,14,32,1129,2,4,38
,14,32,1130,1,4,38
,14,32,1131,3,4,38
,14,32,1132,2,4,38
,14,32,1133,2,4,38
,14,32,1134,2,4,38
,14,32,1135,2,4,38
,14,32,1136,2,4,38
,14,32,1137,2,4,38
,14,32,1138,2,4,38
,14,32,1139,2,4,38
,14,32,1140,2,4,38
,14,32,1141,3,4,38
,14,32,1142,2,4,38
,14,32,1143,1,4,38
,14,32,1144,3,4,38
,14,32,1145,2,4,38
,14,32,1146,2,4,38
,14,32,1147,2,4,38
,14,32,1148,2,4,38
,14,32,1149,2,4,38
,14,32,1150,1,4,38
,14,32,1151,3,4,38
,14,32,1152,1,4,38
,14,32,1153,1,4,38
,14,32,1154,2,4,38
,14,32,1155,2,4,38
,14,32,1156,2,4,38
,14,32,1157,2,4,38
,14,32,1158,2,4,38
,14,32,1159,2,4,38
,14,32,1160,2,4,38
,14,32,1161,2,4,38
,14,32,1162,2,4,38
,14,32,1163,2,4,38
,14,32,1164,2,4,38
,14,32,1165,2,4,38
,14,32,1166,2,4,38
,14,32,1167,2,4,38
,14,32,1169,2,4,38
,14,32,1170,2,4,38
,14,32,1171,2,4,38
,14,32,1172,2,4,38
,14,32,1174,2,4,38
,14,32,1175,2,4,38
,14,32,1176,2,4,38
,14,32,1177,2,4,38
,14,32,1178,2,4,38
,14,32,1179,2,4,38
,14,32,1180,2,4,38
,14,32,1181,2,4,38
,14,32,1182,2,4,38
,14,32,1183,2,4,38
,14,32,1184,2,4,38
,14,32,1185,2,4,38
,14,32,1186,2,4,38
,14,32,1187,2,4,38
,14,32,1189,2,4,38
,14,32,1190,2,4,38
,14,32,1191,3,4,38
,14,32,1687,3,4,54
,14,32,1688,3,4,54
,14,32,1689,3,4,54
,14,32,1690,2,4,54
,14,32,1691,2,4,54
,14,32,1692,2,4,54
,14,32,1693,2,4,54
,14,32,1694,2,4,54
,14,32,1695,2,4,54
,14,32,1696,2,4,54
,14,32,1697,2,4,54
,14,32,1698,2,4,54
,14,32,1699,2,4,54
,14,32,1700,2,4,54
,14,32,1701,2,4,54
,14,32,1702,2,4,54
,14,32,1703,2,4,54
,14,32,1704,2,4,54
,14,32,1705,2,4,54
,14,32,1706,2,4,54
,14,32,1707,2,4,54
,14,32,1708,2,4,54
,14,32,1709,2,4,54
,14,32,1710,2,4,54
,15,32,14,3,2,2
,15,32,15,3,2,2
,15,32,16,2,2,2
,15,32,17,3,2,2
,15,32,18,3,2,2
,15,32,19,2,2,2
,15,32,20,2,2,2
,15,32,21,2,2,2
,15,32,428,3,2,15
,15,32,429,2,2,15
,15,32,430,2,2,15
,15,32,433,2,2,15
,15,32,435,2,2,15
,15,32,552,1,2,18
,15,32,553,3,2,18
,15,32,554,3,2,18
,15,32,555,2,2,18
,15,32,556,2,2,18
,15,32,557,2,2,18
,15,32,558,2,2,18
,15,32,559,2,2,18
,15,32,560,2,2,18
,15,32,562,2,2,18
,15,32,563,2,2,18
,15,32,564,2,2,18
,15,32,565,2,2,18
,15,32,566,3,2,19
,15,32,567,3,2,19
,15,32,568,1,2,19
,15,32,569,1,2,19
,15,32,570,1,2,19
,15,32,571,1,2,19
,15,32,572,1,2,19
,15,32,573,3,2,19
,15,32,574,1,2,19
,15,32,575,1,2,19
,15,32,576,3,2,19
,15,32,577,1,2,19
,15,32,578,1,2,19
,15,32,579,1,2,19
,15,32,580,3,2,19
,15,32,581,3,2,19
,15,32,582,1,2,19
,15,32,583,3,2,19
,15,32,584,2,2,19
,15,32,586,2,2,19
,15,32,587,2,2,19
,15,32,588,2,2,19
,15,32,589,2,2,19
,15,32,590,2,2,19
,15,32,591,2,2,19
,15,32,593,2,2,19
,15,32,594,2,2,19
,15,32,596,2,2,19
,15,32,599,2,2,19
,15,32,600,2,2,19
,15,32,601,2,2,19
,15,32,602,2,2,19
,15,32,603,2,2,19
,15,32,604,2,2,19
,15,32,605,2,2,19
,15,32,965,1,2,34
,15,32,966,3,2,34
,15,32,967,1,2,34
,15,32,968,1,2,34
,15,32,969,1,2,34
,15,32,970,1,2,34
,15,32,971,1,2,34
,15,32,972,1,2,34
,15,32,973,3,2,34
,15,32,974,1,2,34
,15,32,975,1,2,34
,15,32,976,1,2,34
,15,32,977,1,2,34
,15,32,978,3,2,34
,15,32,979,3,2,34
,15,32,980,2,2,34
,15,32,981,2,2,34
,15,32,982,3,2,34
,15,32,983,3,2,34
,15,32,984,2,2,34
,15,32,987,2,2,34
,15,32,993,2,2,34
,15,32,994,2,2,34
,15,32,995,2,2,34
,15,32,996,2,2,34
,15,32,997,2,2,34
,15,32,998,2,2,34
,15,32,999,3,2,34
,15,32,1000,3,2,34
,15,32,1001,2,2,34
,15,32,1002,2,2,34
,15,32,1003,2,2,34
,15,32,1004,2,2,34
,15,32,1005,2,2,34
,15,32,1007,2,2,34
,15,32,1012,2,2,34
,15,32,1016,2,2,34
,15,32,1018,2,2,34
,15,32,1019,2,2,34
,15,32,1388,3,2,44
,15,32,1389,3,2,44
,15,32,1390,1,2,44
,15,32,1391,1,2,44
,15,32,1392,1,2,44
,15,32,1393,1,2,44
,15,32,1394,3,2,44
,15,32,1395,2,2,44
,15,32,1396,3,2,44
,15,32,1397,2,2,44
,15,32,1398,2,2,44
,15,32,1399,2,2,44
,15,32,1400,2,2,44
,15,32,1401,2,2,44
,15,32,1402,2,2,44
,15,32,1403,2,2,44
,15,32,1404,2,2,44
,15,32,1405,2,2,44
,15,32,1407,2,2,44
,15,32,1409,2,2,44
,15,32,1411,2,2,44
,16,32,1,3,2,1
,16,32,2,3,2,1
,16,32,3,1,2,1
,16,32,4,3,2,1
,16,32,5,2,2,1
,16,32,6,2,2,1
,16,32,7,2,2,1
,16,32,8,2,2,1
,16,32,9,2,2,1
,16,32,10,2,2,1
,16,32,13,2,2,1
,16,32,22,3,2,3
,16,32,23,3,2,3
,16,32,24,3,2,3
,16,32,26,2,2,3
,16,32,27,2,2,3
,16,32,28,2,2,3
,16,32,29,2,2,3
,16,32,31,3,2,4
,16,32,32,3,2,4
,16,32,33,3,2,4
,16,32,34,1,2,4
,16,32,35,3,2,4
,16,32,36,3,2,4
,16,32,37,2,2,4
,16,32,38,2,2,4
,16,32,39,2,2,4
,16,32,349,3,2,11
,16,32,350,3,2,11
,16,32,351,1,2,11
,16,32,352,1,2,11
,16,32,353,3,2,11
,16,32,354,2,2,11
,16,32,356,2,2,11
,16,32,742,3,2,23
,16,32,743,1,2,23
,16,32,744,1,2,23
,16,32,745,1,2,23
,16,32,746,1,2,23
,16,32,747,1,2,23
,16,32,748,1,2,23
,16,32,749,1,2,23
,16,32,750,2,2,23
,16,32,751,2,2,23
,16,32,752,2,2,23
,16,32,753,2,2,23
,16,32,754,2,2,23
,16,32,755,2,2,23
,16,32,756,2,2,23
,16,32,757,2,2,23
,16,32,758,2,2,23
,16,32,761,2,2,23
,16,32,762,2,2,23
,16,32,876,3,2,28
,16,32,877,3,2,28
,16,32,878,2,2,28
,16,32,879,2,2,28
,16,32,880,2,2,28
,16,32,883,2,2,28
,16,32,906,3,2,30
,16,32,907,1,2,30
,16,32,908,3,2,30
,16,32,909,2,2,30
,16,32,911,2,2,30
,16,32,913,2,2,30
,16,32,954,1,2,33
,16,32,955,3,2,33
,16,32,956,3,2,33
,16,32,957,3,2,33
,16,32,958,2,2,33
,16,32,960,2,2,33
,16,32,961,2,2,33
,16,32,962,2,2,33
,16,32,963,2,2,33
,16,32,964,2,2,33
,16,32,1412,3,2,45
,16,32,1413,1,2,45
,16,32,1414,1,2,45
,16,32,1415,3,2,45
,16,32,1416,3,2,45
,16,32,1417,1,2,45
,16,32,1418,1,2,45
,16,32,1419,3,2,45
,16,32,1420,2,2,45
,16,32,1422,2,2,45
,16,32,1423,2,2,45
,16,32,1425,2,2,45
,16,32,1427,2,2,45
,16,32,1428,2,2,45
,16,32,1429,2,2,45
,16,32,1430,2,2,45
,16,32,1431,2,2,45
,16,32,1432,2,2,45
,16,32,1465,3,2,47
,16,32,1466,1,2,47
,16,32,1467,1,2,47
,16,32,1468,3,2,47
,16,32,1475,2,2,47
,16,32,1476,2,2,47
,16,32,1478,3,2,47
,16,32,1479,3,2,47
,16,32,1480,3,2,47
,16,32,1481,1,2,47
,16,32,1484,2,2,47
,16,32,1485,3,2,48
,16,32,1486,1,2,48
,16,32,1487,1,2,48
,16,32,1488,1,2,48
,16,32,1489,1,2,48
,16,32,1490,1,2,48
,16,32,1491,1,2,48
,16,32,1492,1,2,48
,16,32,1493,1,2,48
,16,32,1494,1,2,48
,16,32,1495,1,2,48
,16,32,1496,1,2,48
,16,32,1497,1,2,48
,16,32,1498,1,2,48
,16,32,1499,1,2,48
,16,32,1501,2,2,48
,16,32,1502,2,2,48
,16,32,1503,2,2,48
,16,32,1504,2,2,48
,16,32,1505,2,2,48
,16,32,1506,2,2,48
,16,32,1507,2,2,48
,16,32,1508,3,2,48
,16,32,1510,2,2,48
,16,32,1511,2,2,48
,16,32,1512,2,2,48
,16,32,1513,2,2,48
,16,32,1514,2,2,48
,16,32,1515,2,2,48
,16,32,1517,2,2,48
,16,32,1518,2,2,48
,16,32,1519,2,2,48
,16,32,1520,2,2,48
,16,32,1521,2,2,48
,16,32,1522,2,2,48
,16,32,1523,2,2,48
,16,32,1524,2,2,48
,16,32,1470,3,2,58
,16,32,1471,1,2,58
,16,32,1472,3,2,58
,16,32,1473,2,2,58
,16,32,1474,2,2,58
,16,32,1482,2,2,58
,16,32,1483,2,2,58
,17,32,61,3,3,6
,17,32,62,1,3,6
,17,32,63,1,3,6
,17,32,64,1,3,6
,17,32,65,1,3,6
,17,32,66,3,3,6
,17,32,67,1,3,6
,17,32,68,2,3,6
,17,32,69,2,3,6
,17,32,70,2,3,6
,17,32,71,2,3,6
,17,32,718,1,1,22
,17,32,719,3,1,22
,17,32,720,1,1,22
,17,32,721,1,1,22
,17,32,722,1,1,22
,17,32,723,1,1,22
,17,32,724,3,1,22
,17,32,725,1,1,22
,17,32,726,1,1,22
,17,32,727,1,1,22
,17,32,728,1,1,22
,17,32,729,1,1,22
,17,32,730,1,1,22
,17,32,731,1,1,22
,17,32,732,2,1,22
,17,32,733,3,1,22
,17,32,734,1,1,22
,17,32,735,2,1,22
,17,32,736,1,1,22
,17,32,737,1,1,22
,17,32,738,2,1,22
,17,32,739,2,1,22
,17,32,740,2,1,22
,17,32,1192,3,3,39
,17,32,1193,1,3,39
,17,32,1194,1,3,39
,17,32,1195,1,3,39
,17,32,1196,1,3,39
,17,32,1197,1,3,39
,17,32,1198,1,3,39
,17,32,1199,1,3,39
,17,32,1200,1,3,39
,17,32,1201,1,3,39
,17,32,1202,1,3,39
,17,32,1203,3,3,39
,17,32,1204,1,3,39
,17,32,1205,1,3,39
,17,32,1206,1,3,39
,17,32,1207,1,3,39
,17,32,1208,1,3,39
,17,32,1209,1,3,39
,17,32,1210,1,3,39
,17,32,1211,1,3,39
,17,32,1212,1,3,39
,17,32,1213,1,3,39
,17,32,1214,1,3,39
,17,32,1216,1,3,39
,17,32,1217,1,3,39
,17,32,1218,1,3,39
,17,32,1219,1,3,39
,17,32,1220,3,3,39
,17,32,1221,1,3,39
,17,32,1222,1,3,39
,17,32,1223,1,3,39
,17,32,1224,1,3,39
,17,32,1225,3,3,39
,17,32,1226,3,3,39
,17,32,1227,3,3,39
,17,32,1228,1,3,39
,17,32,1229,3,3,39
,17,32,1230,1,3,39
,17,32,1231,1,3,39
,17,32,1232,3,3,39
,17,32,1233,1,3,39
,17,32,1234,3,3,39
,17,32,1235,2,3,39
,17,32,1236,1,3,39
,17,32,1237,1,3,39
,17,32,1238,1,3,39
,17,32,1239,1,3,39
,17,32,1240,2,3,39
,17,32,1241,1,3,39
,17,32,1242,3,3,39
,17,32,1243,2,3,39
,17,32,1244,1,3,39
,17,32,1245,1,3,39
,17,32,1246,1,3,39
,17,32,1247,1,3,39
,17,32,1248,2,3,39
,17,32,1249,2,3,39
,17,32,1250,2,3,39
,17,32,1251,2,3,39
,17,32,1252,2,3,39
,17,32,1253,2,3,39
,17,32,1255,2,3,39
,17,32,1910,3,3,39
,17,32,1911,3,3,39
,18,32,114,3,1,9
,18,32,115,3,1,9
,18,32,116,1,1,9
,18,32,117,1,1,9
,18,32,118,1,1,9
,18,32,119,3,1,9
,18,32,120,1,1,9
,18,32,121,3,1,9
,18,32,122,3,1,9
,18,32,123,2,1,9
,18,32,124,2,1,9
,18,32,125,2,1,9
,18,32,126,2,1,9
,18,32,127,2,1,9
,18,32,128,2,1,9
,18,32,129,1,1,9
,18,32,130,1,1,9
,18,32,131,2,1,9
,18,32,132,2,1,9
,18,32,133,2,1,9
,18,32,134,2,1,9
,18,32,708,3,1,21
,18,32,709,1,1,21
,18,32,710,3,1,21
,18,32,711,2,1,21
,18,32,712,2,1,21
,18,32,713,2,1,21
,18,32,714,2,1,21
,18,32,715,2,1,21
,18,32,716,2,1,21
,18,32,717,2,1,21
,18,32,884,1,1,29
,18,32,885,3,1,29
,18,32,886,1,1,29
,18,32,887,1,1,29
,18,32,888,1,1,29
,18,32,889,1,1,29
,18,32,890,1,1,29
,18,32,891,1,1,29
,18,32,892,1,1,29
,18,32,893,1,1,29
,18,32,894,1,1,29
,18,32,895,3,1,29
,18,32,896,1,1,29
,18,32,897,3,1,29
,18,32,898,3,1,29
,18,32,899,2,1,29
,18,32,900,1,1,29
,18,32,901,3,1,29
,18,32,902,2,1,29
,18,32,904,2,1,29
,18,32,1952,2,1,29
,18,32,1953,2,1,29
,18,32,1289,3,1,42
,18,32,1290,3,1,42
,18,32,1291,3,1,42
,18,32,1292,1,1,42
,18,32,1293,1,1,42
,18,32,1294,1,1,42
,18,32,1295,1,1,42
,18,32,1296,1,1,42
,18,32,1297,1,1,42
,18,32,1298,1,1,42
,18,32,1299,1,1,42
,18,32,1300,1,1,42
,18,32,1301,1,1,42
,18,32,1302,3,1,42
,18,32,1303,1,1,42
,18,32,1304,1,1,42
,18,32,1305,3,1,42
,18,32,1306,1,1,42
,18,32,1307,2,1,42
,18,32,1308,1,1,42
,18,32,1309,1,1,42
,18,32,1310,2,1,42
,18,32,1311,3,1,42
,18,32,1312,1,1,42
,18,32,1313,3,1,42
,18,32,1314,1,1,42
,18,32,1315,1,1,42
,18,32,1316,1,1,42
,18,32,1317,1,1,42
,18,32,1318,1,1,42
,18,32,1319,2,1,42
,18,32,1320,2,1,42
,18,32,1321,2,1,42
,18,32,1322,1,1,42
,18,32,1323,1,1,42
,18,32,1324,2,1,42
,18,32,1325,2,1,42
,18,32,1326,2,1,42
,18,32,1327,1,1,42
,18,32,1328,1,1,42
,18,32,1329,2,1,42
,18,32,1330,2,1,42
,18,32,1331,2,1,42
,18,32,1333,2,1,42
,18,32,1334,1,1,42
,18,32,1335,1,1,42
,18,32,1336,3,1,42
,18,32,1337,2,1,42
,18,32,1338,2,1,42
,18,32,1339,2,1,42
,18,32,1340,2,1,42
,18,32,1341,2,1,42
,18,32,1342,2,1,42
,18,32,1343,2,1,42
,18,32,1344,2,1,42
,18,32,1345,3,1,42
,18,32,1346,3,1,42
,18,32,1347,2,1,42
,18,32,1348,2,1,42
,18,32,1349,2,1,42
,18,32,1350,2,1,42
,18,32,1351,2,1,42
,18,32,1352,2,1,42
,18,32,1353,2,1,42
,18,32,1354,2,1,42
,18,32,1355,3,1,42
,18,32,1356,1,1,42
,18,32,1357,2,1,42
,18,32,1358,2,1,42
,18,32,1359,1,1,42
,18,32,1360,3,1,42
,18,32,1361,3,1,42
,18,32,1362,1,1,42
,18,32,1363,2,1,42
,18,32,1364,2,1,42
,18,32,1365,2,1,42
,18,32,1366,1,1,42
,18,32,1367,2,1,42
,18,32,1368,2,1,42
,18,32,1369,2,1,42
,18,32,1370,2,1,42
,18,32,1371,2,1,42
,18,32,1372,2,1,42
,18,32,1373,2,1,42
,18,32,1375,2,1,42
,18,32,1377,2,1,42
,18,32,1378,2,1,42
,18,32,1381,2,1,42
,18,32,1383,2,1,42
